config_id,dataset,imbalance_method,method_family,classifier,minority_ratio,seed,precision,recall,f1,mcc,balanced_accuracy,accuracy,roc_auc,pr_auc,tn,fp,fn,tp,cv_best_score,best_params,runtime_sec,train_size,test_size,train_phishing,test_phishing,train_phishing_pct,test_phishing_pct
urlphish__none__decision_tree__rnative__s1,urlphish,none,Baseline,decision_tree,,1,0.8996350364963503,0.8664323374340949,0.88272157564906,0.8639032452303571,0.9252010127858321,0.96725,0.949677524114619,0.8611844666305749,3376,55,76,493,0.8721,"{""criterion"": ""entropy"", ""max_depth"": 10, ""min_samples_split"": 2}",4.7,16000,4000,2278,569,14.24,14.22
urlphish__none__random_forest__rnative__s1,urlphish,none,Baseline,random_forest,,1,0.9432234432234432,0.9050966608084359,0.9237668161434978,0.9116891175844476,0.9480306970611693,0.97875,0.9933660786409861,0.9746803715914979,3400,31,54,515,0.9083,"{""max_depth"": 20, ""max_features"": ""sqrt"", ""n_estimators"": 300}",21.0,16000,4000,2278,569,14.24,14.22
urlphish__none__svm__rnative__s1,urlphish,none,Baseline,svm,,1,0.9486238532110092,0.9086115992970123,0.9281867145421903,0.916862397310645,0.9502253566289783,0.98,0.9911476002682048,0.9656182603252822,3403,28,52,517,0.9156,"{""C"": 10, ""gamma"": ""scale"", ""kernel"": ""rbf""}",9.7,16000,4000,2278,569,14.24,14.22
urlphish__random_oversampling__decision_tree__rnative__s1,urlphish,random_oversampling,Data-level (resampling),decision_tree,,1,0.8595317725752508,0.9033391915641477,0.8808911739502999,0.8609277989899677,0.9394282667234903,0.96525,0.944306255535311,0.8202622968979358,3347,84,55,514,0.8671,"{""criterion"": ""entropy"", ""max_depth"": null, ""min_samples_split"": 10}",3.8,16000,4000,2278,569,14.24,14.22
urlphish__random_oversampling__random_forest__rnative__s1,urlphish,random_oversampling,Data-level (resampling),random_forest,,1,0.9006849315068494,0.9244288224956063,0.9124024284475283,0.8977580724424881,0.9537620649930669,0.97475,0.9916116827908877,0.9695912260898243,3373,58,43,526,0.9065,"{""max_depth"": 20, ""max_features"": ""sqrt"", ""n_estimators"": 100}",30.5,16000,4000,2278,569,14.24,14.22
urlphish__random_oversampling__svm__rnative__s1,urlphish,random_oversampling,Data-level (resampling),svm,,1,0.8246951219512195,0.9507908611599297,0.8832653061224491,0.8653265285970798,0.9586364681783327,0.96425,0.9903910330651114,0.9486934128238868,3316,115,28,541,0.8862,"{""C"": 10, ""gamma"": ""scale"", ""kernel"": ""rbf""}",31.5,16000,4000,2278,569,14.24,14.22
urlphish__random_undersampling__decision_tree__rnative__s1,urlphish,random_undersampling,Data-level (resampling),decision_tree,,1,0.7322175732217573,0.9226713532513181,0.8164852255054432,0.7893066784475563,0.9333554959203254,0.941,0.9584159521452035,0.7609030031102757,3239,192,44,525,0.8085,"{""criterion"": ""entropy"", ""max_depth"": 10, ""min_samples_split"": 10}",2.9,16000,4000,2278,569,14.24,14.22
urlphish__random_undersampling__random_forest__rnative__s1,urlphish,random_undersampling,Data-level (resampling),random_forest,,1,0.7732394366197183,0.9648506151142355,0.8584831899921814,0.8391639398211135,0.9589627601948327,0.95475,0.9918027454630298,0.967613892645699,3270,161,20,549,0.845,"{""max_depth"": 20, ""max_features"": ""sqrt"", ""n_estimators"": 300}",11.3,16000,4000,2278,569,14.24,14.22
urlphish__random_undersampling__svm__rnative__s1,urlphish,random_undersampling,Data-level (resampling),svm,,1,0.7901591895803184,0.9595782073813708,0.8666666666666667,0.8476143077221573,0.9586582380538449,0.958,0.9882089231902446,0.9262684286396747,3286,145,23,546,0.8594,"{""C"": 10, ""gamma"": ""scale"", ""kernel"": ""rbf""}",4.3,16000,4000,2278,569,14.24,14.22
urlphish__smote__decision_tree__rnative__s1,urlphish,smote,Data-level (synthetic),decision_tree,,1,0.8741610738255033,0.9156414762741653,0.8944206008583692,0.8767588762724554,0.9468909800490617,0.96925,0.9466451085138654,0.8124181361389935,3356,75,48,521,0.8742,"{""criterion"": ""entropy"", ""max_depth"": null, ""min_samples_split"": 2}",5.4,16000,4000,2278,569,14.24,14.22
urlphish__smote__random_forest__rnative__s1,urlphish,smote,Data-level (synthetic),random_forest,,1,0.9114139693356048,0.9402460456942003,0.9256055363321798,0.9131946060127641,0.9625450572394056,0.9785,0.9927375695291406,0.9750345885130531,3379,52,34,535,0.9167,"{""max_depth"": 20, ""max_features"": ""sqrt"", ""n_estimators"": 100}",43.2,16000,4000,2278,569,14.24,14.22
urlphish__smote__svm__rnative__s1,urlphish,smote,Data-level (synthetic),svm,,1,0.838006230529595,0.945518453427065,0.8885218827415358,0.8709190123290642,0.9576032954981434,0.96625,0.9903797639530816,0.9515427370098727,3327,104,31,538,0.8895,"{""C"": 10, ""gamma"": ""scale"", ""kernel"": ""rbf""}",29.4,16000,4000,2278,569,14.24,14.22
urlphish__adasyn__decision_tree__rnative__s1,urlphish,adasyn,Data-level (synthetic),decision_tree,,1,0.8726968174204355,0.9156414762741653,0.8936535162950259,0.8758672572305677,0.9467452499412214,0.969,0.9630385931230756,0.8579717329520887,3355,76,48,521,0.893,"{""criterion"": ""entropy"", ""max_depth"": null, ""min_samples_split"": 10}",7.0,16000,4000,2278,569,14.24,14.22
urlphish__adasyn__random_forest__rnative__s1,urlphish,adasyn,Data-level (synthetic),random_forest,,1,0.89,0.9384885764499121,0.913601368691189,0.8992616802991367,0.9596261011074976,0.97475,0.9929916367821767,0.966980042671088,3365,66,35,534,0.9143,"{""max_depth"": null, ""max_features"": ""sqrt"", ""n_estimators"": 100}",49.8,16000,4000,2278,569,14.24,14.22
urlphish__adasyn__svm__rnative__s1,urlphish,adasyn,Data-level (synthetic),svm,,1,0.7150395778364116,0.9525483304042179,0.8168801808590805,0.7928968707213176,0.9447964619086086,0.93925,0.984968541249304,0.9362557969289887,3215,216,27,542,0.83,"{""C"": 10, ""gamma"": ""scale"", ""kernel"": ""rbf""}",50.0,16000,4000,2278,569,14.24,14.22
urlphish__smoteenn__decision_tree__rnative__s1,urlphish,smoteenn,Hybrid,decision_tree,,1,0.825,0.9279437609841827,0.8734491315136476,0.8530520995640203,0.94765010841398,0.96175,0.94765010841398,0.7758036028119507,3319,112,41,528,0.868,"{""criterion"": ""gini"", ""max_depth"": 20, ""min_samples_split"": 2}",34.1,16000,4000,2278,569,14.24,14.22
urlphish__smoteenn__random_forest__rnative__s1,urlphish,smoteenn,Hybrid,random_forest,,1,0.8445839874411303,0.945518453427065,0.8922056384742951,0.8750713535931915,0.9583319460373447,0.9675,0.9915776193386159,0.9635147484314406,3332,99,31,538,0.8978,"{""max_depth"": null, ""max_features"": ""sqrt"", ""n_estimators"": 100}",57.2,16000,4000,2278,569,14.24,14.22
urlphish__smoteenn__svm__rnative__s1,urlphish,smoteenn,Hybrid,svm,,1,0.8058823529411765,0.9630931458699473,0.8775020016012811,0.8598178638063608,0.9623101987000567,0.96175,0.9894685025757604,0.9373006650476409,3299,132,21,548,0.8789,"{""C"": 10, ""gamma"": ""scale"", ""kernel"": ""rbf""}",29.4,16000,4000,2278,569,14.24,14.22
urlphish__smotetomek__decision_tree__rnative__s1,urlphish,smotetomek,Hybrid,decision_tree,,1,0.8592964824120602,0.9015817223198594,0.8799313893653515,0.8597991268891896,0.9385495321013462,0.965,0.9533010558645739,0.844228203683111,3347,84,56,513,0.8749,"{""criterion"": ""entropy"", ""max_depth"": 20, ""min_samples_split"": 10}",34.2,16000,4000,2278,569,14.24,14.22
urlphish__smotetomek__random_forest__rnative__s1,urlphish,smotetomek,Hybrid,random_forest,,1,0.9063032367972743,0.9349736379613357,0.9204152249134948,0.907126857687516,0.9594716630494524,0.977,0.993374786591191,0.975154085642086,3376,55,37,532,0.9138,"{""max_depth"": null, ""max_features"": ""sqrt"", ""n_estimators"": 300}",63.9,16000,4000,2278,569,14.24,14.22
urlphish__smotetomek__svm__rnative__s1,urlphish,smotetomek,Hybrid,svm,,1,0.838006230529595,0.945518453427065,0.8885218827415358,0.8709190123290642,0.9576032954981434,0.96625,0.9903792517207166,0.951642784980195,3327,104,31,538,0.8898,"{""C"": 10, ""gamma"": ""scale"", ""kernel"": ""rbf""}",39.1,16000,4000,2278,569,14.24,14.22
urlphish__cost_sensitive__decision_tree__rnative__s1,urlphish,cost_sensitive,Algorithm-level,decision_tree,,1,0.859375,0.8699472759226714,0.8646288209606987,0.8420400060598284,0.9231694992262731,0.96125,0.9238594762219176,0.7758306933344099,3350,81,74,495,0.8672,"{""criterion"": ""entropy"", ""max_depth"": 20, ""min_samples_split"": 2}",3.2,16000,4000,2278,569,14.24,14.22
urlphish__cost_sensitive__random_forest__rnative__s1,urlphish,cost_sensitive,Algorithm-level,random_forest,,1,0.9395604395604396,0.9015817223198594,0.9201793721973095,0.9075197901173685,0.9459817676012006,0.97775,0.9935066864251764,0.9729736334754522,3398,33,56,513,0.9029,"{""max_depth"": 20, ""max_features"": ""sqrt"", ""n_estimators"": 300}",20.3,16000,4000,2278,569,14.24,14.22
urlphish__cost_sensitive__svm__rnative__s1,urlphish,cost_sensitive,Algorithm-level,svm,,1,0.8289676425269645,0.945518453427065,0.883415435139573,0.865180731400728,0.9565831847432614,0.9645,0.9909949550234373,0.9545117217824977,3320,111,31,538,0.8947,"{""C"": 10, ""gamma"": ""scale"", ""kernel"": ""rbf""}",13.4,16000,4000,2278,569,14.24,14.22
