config_id,dataset,imbalance_method,method_family,classifier,minority_ratio,precision,recall,f1,mcc,balanced_accuracy,accuracy,roc_auc,pr_auc,tn,fp,fn,tp,cv_best_score,best_params,runtime_sec,train_size,test_size,train_phishing,test_phishing,train_phishing_pct,test_phishing_pct
uci__none__decision_tree__r10,uci,none,Baseline,decision_tree,0.1,0.9327731092436975,0.8102189781021898,0.8671875,0.85614018555452,0.9018627358043416,0.9751643535427319,0.9463278509811356,0.8743597873919222,1224,8,26,111,0.9037,"{""criterion"": ""gini"", ""max_depth"": 10, ""min_samples_split"": 2}",2.3,5472,1369,547,137,10.0,10.01
uci__none__random_forest__r10,uci,none,Baseline,random_forest,0.1,1.0,0.8102189781021898,0.8951612903225806,0.8907713476628493,0.9051094890510949,0.9810080350620891,0.9799329320314722,0.9493204766289902,1232,0,26,111,0.904,"{""max_depth"": null, ""max_features"": ""sqrt"", ""n_estimators"": 100}",6.8,5472,1369,547,137,10.0,10.01
uci__none__svm__r10,uci,none,Baseline,svm,0.1,0.9827586206896551,0.8321167883211679,0.9011857707509882,0.894946963667409,0.9152467058488956,0.9817384952520087,0.9726070006635701,0.9337692667877288,1230,2,23,114,0.911,"{""C"": 10, ""gamma"": ""scale"", ""kernel"": ""rbf""}",1.9,5472,1369,547,137,10.0,10.01
uci__random_oversampling__decision_tree__r10,uci,random_oversampling,Data-level (resampling),decision_tree,0.1,0.9291338582677166,0.8613138686131386,0.8939393939393939,0.8834160000587727,0.927004336903972,0.9795471146822499,0.9328816712484596,0.8664892101978164,1223,9,19,118,0.9037,"{""criterion"": ""entropy"", ""max_depth"": null, ""min_samples_split"": 2}",1.0,5472,1369,547,137,10.0,10.01
uci__random_oversampling__random_forest__r10,uci,random_oversampling,Data-level (resampling),random_forest,0.1,0.9349593495934959,0.8394160583941606,0.8846153846153846,0.8740950918982896,0.916461275950327,0.9780861943024105,0.9818377334344488,0.9446216703214222,1224,8,22,115,0.9091,"{""max_depth"": null, ""max_features"": ""log2"", ""n_estimators"": 300}",9.0,5472,1369,547,137,10.0,10.01
uci__random_oversampling__svm__r10,uci,random_oversampling,Data-level (resampling),svm,0.1,0.8731343283582089,0.8540145985401459,0.8634686346863468,0.8485367451889161,0.9201079486207223,0.972972972972973,0.9723344629822732,0.9056381311981141,1215,17,20,117,0.8699,"{""C"": 10, ""gamma"": ""scale"", ""kernel"": ""rbf""}",4.3,5472,1369,547,137,10.0,10.01
uci__random_undersampling__decision_tree__r10,uci,random_undersampling,Data-level (resampling),decision_tree,0.1,0.6647727272727273,0.8540145985401459,0.7476038338658147,0.722755599980887,0.9030624940752678,0.9422936449963477,0.9560355246942838,0.7886244678115659,1173,59,20,117,0.7617,"{""criterion"": ""gini"", ""max_depth"": null, ""min_samples_split"": 10}",0.9,5472,1369,547,137,10.0,10.01
uci__random_undersampling__random_forest__r10,uci,random_undersampling,Data-level (resampling),random_forest,0.1,0.7643312101910829,0.8759124087591241,0.8163265306122449,0.7966603959738204,0.9229399706133283,0.960555149744339,0.9850104275286757,0.931856432259354,1195,37,17,120,0.8312,"{""max_depth"": 20, ""max_features"": ""log2"", ""n_estimators"": 100}",5.1,5472,1369,547,137,10.0,10.01
uci__random_undersampling__svm__r10,uci,random_undersampling,Data-level (resampling),svm,0.1,0.7333333333333333,0.8832116788321168,0.8013245033112583,0.7811758217313187,0.9237486965589156,0.956172388604821,0.9767720874016496,0.9102819128227008,1188,44,16,121,0.7881,"{""C"": 10, ""gamma"": 0.01, ""kernel"": ""rbf""}",1.0,5472,1369,547,137,10.0,10.01
uci__smote__decision_tree__r10,uci,smote,Data-level (synthetic),decision_tree,0.1,0.9914529914529915,0.8467153284671532,0.9133858267716537,0.9080116821527344,0.9229518200777325,0.9839298758217677,0.9294867996966537,0.8669772487392229,1231,1,21,116,0.9074,"{""criterion"": ""entropy"", ""max_depth"": null, ""min_samples_split"": 2}",1.2,5472,1369,547,137,10.0,10.01
uci__smote__random_forest__r10,uci,smote,Data-level (synthetic),random_forest,0.1,0.9826086956521739,0.8248175182481752,0.8968253968253969,0.8905744269677985,0.9115970708123993,0.9810080350620891,0.9836980993459096,0.957219468141911,1230,2,24,113,0.916,"{""max_depth"": 20, ""max_features"": ""sqrt"", ""n_estimators"": 300}",10.5,5472,1369,547,137,10.0,10.01
uci__smote__svm__r10,uci,smote,Data-level (synthetic),svm,0.1,0.8976377952755905,0.8321167883211679,0.8636363636363636,0.8498549806799487,0.91078242013461,0.9737034331628927,0.9730809792397384,0.9115929152607289,1219,13,23,114,0.8705,"{""C"": 10, ""gamma"": ""scale"", ""kernel"": ""rbf""}",3.8,5472,1369,547,137,10.0,10.01
uci__adasyn__decision_tree__r10,uci,adasyn,Data-level (synthetic),decision_tree,0.1,0.959349593495935,0.8613138686131386,0.9076923076923077,0.8996307754926266,0.9286277135273485,0.9824689554419284,0.9352100910038866,0.8519406082035555,1227,5,19,118,0.9033,"{""criterion"": ""entropy"", ""max_depth"": null, ""min_samples_split"": 2}",1.3,5472,1369,547,137,10.0,10.01
uci__adasyn__random_forest__r10,uci,adasyn,Data-level (synthetic),random_forest,0.1,0.9745762711864406,0.8394160583941606,0.9019607843137254,0.8949763826194399,0.9184904967295477,0.9817384952520087,0.9836832875154042,0.9544647243383189,1229,3,22,115,0.9152,"{""max_depth"": 20, ""max_features"": ""sqrt"", ""n_estimators"": 100}",10.3,5472,1369,547,137,10.0,10.01
uci__adasyn__svm__r10,uci,adasyn,Data-level (synthetic),svm,0.1,0.8248175182481752,0.8248175182481752,0.8248175182481752,0.8053369987676557,0.9026684993838279,0.9649379108838568,0.9687203763389894,0.8947196064231597,1208,24,24,113,0.8611,"{""C"": 10, ""gamma"": ""scale"", ""kernel"": ""rbf""}",4.3,5472,1369,547,137,10.0,10.01
uci__smoteenn__decision_tree__r10,uci,smoteenn,Hybrid,decision_tree,0.1,0.8175675675675675,0.8832116788321168,0.8491228070175438,0.8323949288408122,0.9306480472082662,0.9685902118334551,0.9306480472082662,0.7337725869487559,1205,27,16,121,0.8631,"{""criterion"": ""gini"", ""max_depth"": null, ""min_samples_split"": 2}",5.5,5472,1369,547,137,10.0,10.01
uci__smoteenn__random_forest__r10,uci,smoteenn,Hybrid,random_forest,0.1,0.8467153284671532,0.8467153284671532,0.8467153284671532,0.8296698739216988,0.9148349369608493,0.9693206720233747,0.9785317328656744,0.9243471668021193,1211,21,21,116,0.8817,"{""max_depth"": null, ""max_features"": ""sqrt"", ""n_estimators"": 300}",12.9,5472,1369,547,137,10.0,10.01
uci__smoteenn__svm__r10,uci,smoteenn,Hybrid,svm,0.1,0.8066666666666666,0.8832116788321168,0.8432055749128919,0.8259453253684856,0.9298363588965779,0.9671292914536158,0.9799892169873923,0.894326468852542,1203,29,16,121,0.8314,"{""C"": 10, ""gamma"": 0.01, ""kernel"": ""rbf""}",4.6,5472,1369,547,137,10.0,10.01
uci__smotetomek__decision_tree__r10,uci,smotetomek,Hybrid,decision_tree,0.1,0.9914529914529915,0.8467153284671532,0.9133858267716537,0.9080116821527344,0.9229518200777325,0.9839298758217677,0.9294867996966537,0.8669772487392229,1231,1,21,116,0.9042,"{""criterion"": ""entropy"", ""max_depth"": null, ""min_samples_split"": 2}",5.3,5472,1369,547,137,10.0,10.01
uci__smotetomek__random_forest__r10,uci,smotetomek,Hybrid,random_forest,0.1,0.9826086956521739,0.8248175182481752,0.8968253968253969,0.8905744269677985,0.9115970708123993,0.9810080350620891,0.9842194757796948,0.9562005658654111,1230,2,24,113,0.9133,"{""max_depth"": 20, ""max_features"": ""sqrt"", ""n_estimators"": 100}",12.7,5472,1369,547,137,10.0,10.01
uci__smotetomek__svm__r10,uci,smotetomek,Hybrid,svm,0.1,0.8976377952755905,0.8321167883211679,0.8636363636363636,0.8498549806799487,0.91078242013461,0.9737034331628927,0.9730809792397384,0.9115929152607289,1219,13,23,114,0.8713,"{""C"": 10, ""gamma"": ""scale"", ""kernel"": ""rbf""}",5.1,5472,1369,547,137,10.0,10.01
uci__cost_sensitive__decision_tree__r10,uci,cost_sensitive,Algorithm-level,decision_tree,0.1,0.8947368421052632,0.8686131386861314,0.8814814814814815,0.8686359977292546,0.9286247511612475,0.9766252739225713,0.932058133472367,0.852397453404185,1218,14,18,119,0.8955,"{""criterion"": ""entropy"", ""max_depth"": null, ""min_samples_split"": 2}",0.9,5472,1369,547,137,10.0,10.01
uci__cost_sensitive__random_forest__r10,uci,cost_sensitive,Algorithm-level,random_forest,0.1,0.9652173913043478,0.8102189781021898,0.8809523809523809,0.8730247099561114,0.9034861124277183,0.9780861943024105,0.9777733671438051,0.9463862140292348,1228,4,26,111,0.9012,"{""max_depth"": null, ""max_features"": ""log2"", ""n_estimators"": 100}",6.8,5472,1369,547,137,10.0,10.01
uci__cost_sensitive__svm__r10,uci,cost_sensitive,Algorithm-level,svm,0.1,0.8676470588235294,0.8613138686131386,0.8644688644688644,0.8494659773016077,0.9233517395013745,0.972972972972973,0.9716294198502228,0.9029701953069155,1214,18,19,118,0.869,"{""C"": 10, ""gamma"": ""scale"", ""kernel"": ""rbf""}",2.2,5472,1369,547,137,10.0,10.01
hannousse__none__decision_tree__r10,hannousse,none,Baseline,decision_tree,0.1,0.7983193277310925,0.7480314960629921,0.7723577235772359,0.7484600539151882,0.863517060367454,0.9559055118110236,0.8553743774154215,0.6883169793000401,1119,24,32,95,0.796,"{""criterion"": ""gini"", ""max_depth"": 10, ""min_samples_split"": 2}",1.8,5080,1270,508,127,10.0,10.0
hannousse__none__random_forest__r10,hannousse,none,Baseline,random_forest,0.1,0.9159663865546218,0.8582677165354331,0.8861788617886178,0.8745544071620309,0.9247594050743657,0.9779527559055118,0.9927666521999711,0.9445002597489256,1133,10,18,109,0.8746,"{""max_depth"": 20, ""max_features"": ""sqrt"", ""n_estimators"": 100}",11.2,5080,1270,508,127,10.0,10.0
hannousse__none__svm__r10,hannousse,none,Baseline,svm,0.1,0.8870967741935484,0.8661417322834646,0.8764940239043826,0.863029044066631,0.9269466316710411,0.9755905511811024,0.9889019778039556,0.9039472379239442,1129,14,17,110,0.8593,"{""C"": 10, ""gamma"": ""scale"", ""kernel"": ""rbf""}",2.9,5080,1270,508,127,10.0,10.0
hannousse__random_oversampling__decision_tree__r10,hannousse,random_oversampling,Data-level (resampling),decision_tree,0.1,0.7661290322580645,0.7480314960629921,0.7569721115537849,0.7303913836055709,0.8613298337707787,0.9519685039370078,0.8613298337707787,0.5982854965709932,1114,29,32,95,0.7989,"{""criterion"": ""entropy"", ""max_depth"": null, ""min_samples_split"": 2}",2.0,5080,1270,508,127,10.0,10.0
hannousse__random_oversampling__random_forest__r10,hannousse,random_oversampling,Data-level (resampling),random_forest,0.1,0.9159663865546218,0.8582677165354331,0.8861788617886178,0.8745544071620309,0.9247594050743657,0.9779527559055118,0.9915679831359663,0.9472488298570065,1133,10,18,109,0.8742,"{""max_depth"": 20, ""max_features"": ""log2"", ""n_estimators"": 100}",14.1,5080,1270,508,127,10.0,10.0
hannousse__random_oversampling__svm__r10,hannousse,random_oversampling,Data-level (resampling),svm,0.1,0.8333333333333334,0.8661417322834646,0.8494208494208495,0.8325225503158952,0.9234470691163605,0.9692913385826771,0.9870970853052818,0.8927144008276753,1121,22,17,110,0.857,"{""C"": 10, ""gamma"": 0.01, ""kernel"": ""rbf""}",6.0,5080,1270,508,127,10.0,10.0
hannousse__random_undersampling__decision_tree__r10,hannousse,random_undersampling,Data-level (resampling),decision_tree,0.1,0.55,0.8661417322834646,0.672782874617737,0.6485065517506754,0.8937007874015748,0.915748031496063,0.9311833068110581,0.5715557976314929,1053,90,17,110,0.6646,"{""criterion"": ""gini"", ""max_depth"": 10, ""min_samples_split"": 10}",1.2,5080,1270,508,127,10.0,10.0
hannousse__random_undersampling__random_forest__r10,hannousse,random_undersampling,Data-level (resampling),random_forest,0.1,0.631578947368421,0.9448818897637795,0.7570977917981073,0.7432098225753857,0.941819772528434,0.9393700787401574,0.987854864598618,0.9254699367492508,1073,70,7,120,0.8125,"{""max_depth"": null, ""max_features"": ""log2"", ""n_estimators"": 300}",6.3,5080,1270,508,127,10.0,10.0
hannousse__random_undersampling__svm__r10,hannousse,random_undersampling,Data-level (resampling),svm,0.1,0.6217616580310881,0.9448818897637795,0.7499999999999999,0.7362439002206382,0.9405074365704287,0.937007874015748,0.983687078485268,0.8564513721009516,1070,73,7,120,0.7405,"{""C"": 10, ""gamma"": ""scale"", ""kernel"": ""rbf""}",1.3,5080,1270,508,127,10.0,10.0
hannousse__smote__decision_tree__r10,hannousse,smote,Data-level (synthetic),decision_tree,0.1,0.7443609022556391,0.7795275590551181,0.7615384615384616,0.734604381564221,0.8748906386701663,0.9511811023622048,0.8973105723989225,0.6398624245371811,1109,34,28,99,0.7974,"{""criterion"": ""entropy"", ""max_depth"": null, ""min_samples_split"": 10}",3.4,5080,1270,508,127,10.0,10.0
hannousse__smote__random_forest__r10,hannousse,smote,Data-level (synthetic),random_forest,0.1,0.8846153846153846,0.905511811023622,0.8949416342412451,0.8831913668924228,0.9461942257217848,0.978740157480315,0.9913957605692989,0.9475879912385878,1128,15,12,115,0.8872,"{""max_depth"": null, ""max_features"": ""log2"", ""n_estimators"": 300}",22.1,5080,1270,508,127,10.0,10.0
hannousse__smote__svm__r10,hannousse,smote,Data-level (synthetic),svm,0.1,0.7631578947368421,0.9133858267716536,0.8315412186379928,0.8150731400971012,0.9409448818897638,0.962992125984252,0.9858019716039432,0.8751273756236289,1107,36,11,116,0.8335,"{""C"": 1, ""gamma"": 0.01, ""kernel"": ""rbf""}",6.2,5080,1270,508,127,10.0,10.0
hannousse__adasyn__decision_tree__r10,hannousse,adasyn,Data-level (synthetic),decision_tree,0.1,0.7898550724637681,0.8582677165354331,0.8226415094339623,0.8028842472200743,0.9164479440069991,0.962992125984252,0.9247456272690323,0.719830060258872,1114,29,18,109,0.7975,"{""criterion"": ""entropy"", ""max_depth"": 10, ""min_samples_split"": 2}",3.8,5080,1270,508,127,10.0,10.0
hannousse__adasyn__random_forest__r10,hannousse,adasyn,Data-level (synthetic),random_forest,0.1,0.8769230769230769,0.8976377952755905,0.8871595330739299,0.8745326280013207,0.9418197725284339,0.9771653543307086,0.9904657587092952,0.9459612901417658,1127,16,13,114,0.8881,"{""max_depth"": 20, ""max_features"": ""log2"", ""n_estimators"": 300}",23.3,5080,1270,508,127,10.0,10.0
hannousse__adasyn__svm__r10,hannousse,adasyn,Data-level (synthetic),svm,0.1,0.8264462809917356,0.7874015748031497,0.8064516129032258,0.7858052406371927,0.8845144356955381,0.9622047244094488,0.9846308581506051,0.8738845094759721,1122,21,27,100,0.8215,"{""C"": 10, ""gamma"": 0.01, ""kernel"": ""rbf""}",6.1,5080,1270,508,127,10.0,10.0
hannousse__smoteenn__decision_tree__r10,hannousse,smoteenn,Hybrid,decision_tree,0.1,0.7,0.8818897637795275,0.7804878048780488,0.7593263966019993,0.9199475065616798,0.9503937007874016,0.9303359717830547,0.677298083174284,1095,48,15,112,0.7871,"{""criterion"": ""entropy"", ""max_depth"": null, ""min_samples_split"": 10}",8.5,5080,1270,508,127,10.0,10.0
hannousse__smoteenn__random_forest__r10,hannousse,smoteenn,Hybrid,random_forest,0.1,0.8273381294964028,0.905511811023622,0.8646616541353382,0.84994573367505,0.9422572178477691,0.9716535433070866,0.9891809783619567,0.9343179120363485,1119,24,12,115,0.8722,"{""max_depth"": null, ""max_features"": ""log2"", ""n_estimators"": 100}",23.1,5080,1270,508,127,10.0,10.0
hannousse__smoteenn__svm__r10,hannousse,smoteenn,Hybrid,svm,0.1,0.7354838709677419,0.8976377952755905,0.8085106382978722,0.7897901135246321,0.9308836395450568,0.9574803149606299,0.9831772996879327,0.8660124749477157,1102,41,13,114,0.8147,"{""C"": 10, ""gamma"": ""scale"", ""kernel"": ""rbf""}",6.4,5080,1270,508,127,10.0,10.0
hannousse__smotetomek__decision_tree__r10,hannousse,smotetomek,Hybrid,decision_tree,0.1,0.7443609022556391,0.7795275590551181,0.7615384615384616,0.734604381564221,0.8748906386701663,0.9511811023622048,0.8973105723989225,0.6398624245371811,1109,34,28,99,0.7974,"{""criterion"": ""entropy"", ""max_depth"": null, ""min_samples_split"": 10}",8.6,5080,1270,508,127,10.0,10.0
hannousse__smotetomek__random_forest__r10,hannousse,smotetomek,Hybrid,random_forest,0.1,0.8914728682170543,0.905511811023622,0.8984375,0.8870882157001829,0.9466316710411198,0.9795275590551181,0.9907860926832965,0.945871216397072,1129,14,12,115,0.89,"{""max_depth"": null, ""max_features"": ""sqrt"", ""n_estimators"": 300}",25.6,5080,1270,508,127,10.0,10.0
hannousse__smotetomek__svm__r10,hannousse,smotetomek,Hybrid,svm,0.1,0.7631578947368421,0.9133858267716536,0.8315412186379928,0.8150731400971012,0.9409448818897638,0.962992125984252,0.9858019716039432,0.8751273756236289,1107,36,11,116,0.8335,"{""C"": 1, ""gamma"": 0.01, ""kernel"": ""rbf""}",8.3,5080,1270,508,127,10.0,10.0
hannousse__cost_sensitive__decision_tree__r10,hannousse,cost_sensitive,Algorithm-level,decision_tree,0.1,0.6866666666666666,0.8110236220472441,0.7436823104693141,0.7156600534955909,0.8849518810148731,0.9440944881889763,0.8906524479715625,0.6446117556659621,1096,47,24,103,0.7829,"{""criterion"": ""entropy"", ""max_depth"": 10, ""min_samples_split"": 2}",1.7,5080,1270,508,127,10.0,10.0
hannousse__cost_sensitive__random_forest__r10,hannousse,cost_sensitive,Algorithm-level,random_forest,0.1,0.926605504587156,0.7952755905511811,0.8559322033898306,0.8442560420598298,0.89413823272091,0.9732283464566929,0.9906517590812959,0.9365278469859479,1135,8,26,101,0.8456,"{""max_depth"": null, ""max_features"": ""sqrt"", ""n_estimators"": 300}",10.9,5080,1270,508,127,10.0,10.0
hannousse__cost_sensitive__svm__r10,hannousse,cost_sensitive,Algorithm-level,svm,0.1,0.8283582089552238,0.8740157480314961,0.8505747126436782,0.8338482047591781,0.9269466316710411,0.9692913385826771,0.9875586417839501,0.8957154814361741,1120,23,16,111,0.8575,"{""C"": 10, ""gamma"": 0.01, ""kernel"": ""rbf""}",3.1,5080,1270,508,127,10.0,10.0
